{"frames":{"house1":{"frame":{"x":0,"y":0,"w":350,"h":380},"rotated":false,"trimmed":false,"spriteSourceSize":{"x":0,"y":0,"w":350,"h":380},"sourceSize":{"w":350,"h":380}},"house2":{"frame":{"x":350,"y":0,"w":350,"h":380},"rotated":false,"trimmed":false,"spriteSourceSize":{"x":0,"y":0,"w":350,"h":380},"sourceSize":{"w":350,"h":380}},"house3":{"frame":{"x":0,"y":380,"w":350,"h":380},"rotated":false,"trimmed":false,"spriteSourceSize":{"x":0,"y":0,"w":350,"h":380},"sourceSize":{"w":350,"h":380}},"brain":{"frame":{"x":350,"y":380,"w":350,"h":380},"rotated":false,"trimmed":false,"spriteSourceSize":{"x":0,"y":0,"w":350,"h":380},"sourceSize":{"w":350,"h":380}}},"meta":{"app":"zombie-farm","image":"misc.png","format":"RGBA8888","size":{"w":700,"h":760}}}
