{
  "frames": {
    "normal_walk1": {
      "frame": { "x": 0, "y": 0, "w": 350, "h": 400 },
      "rotated": false,
      "trimmed": false,
      "spriteSourceSize": { "x": 0, "y": 0, "w": 350, "h": 400 },
      "sourceSize": { "w": 350, "h": 400 }
    },
    "normal_walk2": {
      "frame": { "x": 350, "y": 0, "w": 350, "h": 400 },
      "rotated": false,
      "trimmed": false,
      "spriteSourceSize": { "x": 0, "y": 0, "w": 350, "h": 400 },
      "sourceSize": { "w": 350, "h": 400 }
    },
    "normal_walk3": {
      "frame": { "x": 700, "y": 0, "w": 350, "h": 400 },
      "rotated": false,
      "trimmed": false,
      "spriteSourceSize": { "x": 0, "y": 0, "w": 350, "h": 400 },
      "sourceSize": { "w": 350, "h": 400 }
    },
    "normal_walk4": {
      "frame": { "x": 1050, "y": 0, "w": 350, "h": 400 },
      "rotated": false,
      "trimmed": false,
      "spriteSourceSize": { "x": 0, "y": 0, "w": 350, "h": 400 },
      "sourceSize": { "w": 350, "h": 400 }
    },
    "normal_attack1": {
      "frame": { "x": 350, "y": 400, "w": 350, "h": 400 },
      "rotated": false,
      "trimmed": false,
      "spriteSourceSize": { "x": 0, "y": 0, "w": 350, "h": 400 },
      "sourceSize": { "w": 350, "h": 400 }
    },
    "normal_attack2": {
      "frame": { "x": 0, "y": 400, "w": 350, "h": 400 },
      "rotated": false,
      "trimmed": false,
      "spriteSourceSize": { "x": 0, "y": 0, "w": 350, "h": 400 },
      "sourceSize": { "w": 350, "h": 400 }
    },
    "normal_attack3": {
      "frame": { "x": 700, "y": 400, "w": 350, "h": 400 },
      "rotated": false,
      "trimmed": false,
      "spriteSourceSize": { "x": 0, "y": 0, "w": 350, "h": 400 },
      "sourceSize": { "w": 350, "h": 400 }
    },
    "normal_attack4": {
      "frame": { "x": 1050, "y": 400, "w": 350, "h": 400 },
      "rotated": false,
      "trimmed": false,
      "spriteSourceSize": { "x": 0, "y": 0, "w": 350, "h": 400 },
      "sourceSize": { "w": 350, "h": 400 }
    }
  },
  "meta": {
    "app": "zombie-farm",
    "image": "normal.png",
    "format": "RGBA8888",
    "size": { "w": 1400, "h": 800 }
  }
}
